<?xml version="1.0" encoding="UTF-8"?>
<beans xmlns="http://www.springframework.org/schema/beans"
	xmlns:xsi="http://www.w3.org/2001/XMLSchema-instance"
	xmlns:context="http://www.springframework.org/schema/context"
	xmlns:util="http://www.springframework.org/schema/util"
	xsi:schemaLocation="http://www.springframework.org/schema/beans 
	http://www.springframework.org/schema/beans/spring-beans.xsd
	http://www.springframework.org/schema/context
    http://www.springframework.org/schema/context/spring-context-3.0.xsd
    http://www.springframework.org/schema/util
	http://www.springframework.org/schema/util/spring-util-3.0.xsd">

	<context:annotation-config /> 
    <context:component-scan base-package="com.jbilling.appdirect"/>

	<bean id="averageCalculator" class="com.jbilling.appdirect.processor.decorator.impl.AverageCalculatorRuleProcessorDecorator" parent="ruleProcessor"/>
	<bean id="listModifier" class="com.jbilling.appdirect.processor.decorator.impl.ListModifierRuleProcessorDecorator"  parent="ruleProcessor"/>
	<bean id="percentageCalculator" class="com.jbilling.appdirect.processor.decorator.impl.PercentageCalculatorRuleProcessorDecorator"  parent="ruleProcessor"/>

	<util:map id="ruleProcessorMap" map-class="java.util.HashMap" key-type="java.lang.String" value-type="com.jbilling.appdirect.processor.IRuleProcessor">
    	<entry key="LIST_MODIFIER" value-ref="listModifier" />
	    <entry key="AVERAGE_CALCULATOR" value-ref="averageCalculator" />
	    <entry key="PERCENTAGE_CALCULATOR" value-ref="percentageCalculator" />
	</util:map>

	<!-- <bean id="ruleProcessorMap" class="java.util.HashMap">
	    <constructor-arg>
	        <map key-type="java.lang.String" value-type="com.jbilling.appdirect.processor.IRuleProcessor">
	            <entry key="LIST_MODIFIER" value-ref="listModifier" />
	            <entry key="AVERAGE_CALCULATOR" value-ref="averageCalculator" />
	            <entry key="PERCENTAGE_CALCULATOR" value-ref="percentageCalculator" />
	        </map>
	    </constructor-arg>
	</bean>	 -->
</beans>
